"Zeitstempel","Farsi_Keyword","Deutsches_Wort","Erklärung auf Farsi","Erklärung im Kontext der Geschichte"
"00:01:38,030","صد تومنی","Hunni","صد یورویی (اصطلاح عامیانه)","Schotty sucht nach einem 100-Euro-Schein, der in der Galerie verloren gegangen ist."
"00:01:43,950","سلام","Moin","سلام (درود شمال آلمان)","Schotty begrüßt den Galeristen mit dem typisch norddeutschen Gruß."
"00:01:57,190","رو روالی","wieder im Flow","دوباره روی غلتک افتادن، اوضاع خوب بودن","Der Galerist fragt Schotty, ob er nach seinem Stau wieder entspannt ist."
"00:02:16,590","فوق‌العاده‌ست","Sensationell","عالی، شگفت‌انگیز (اغلب طعنه‌آمیز)","Der Galerist kommentiert ironisch, dass Schotty nur Putzmittel mitgebracht hat."
"00:03:14,030","بدک نیست","geht so","متوسط، نه خیلی خوب نه خیلی بد","Schotty bewertet die radikale Idee, Wände einfach nur weiß zu streichen."
"00:04:00,390","چشماش کاسه‌ی خون شد","Rotz und Wasser geweint","خیلی زیاد گریه کردن","Der Galerist beschreibt, wie der Maler wegen des Todes seiner Frau geweint hat."
"00:04:30,230","قشنگه","ganz schön","نسبتاً زیبا، جالب","Schotty findet das Kunstwerk ansprechend, obwohl es dem Galeristen nicht gefällt."
"00:05:05,310","بیانیه‌ی چرت و پرت","krudes Manifest","بیانیه عجیب و غریب یا نامفهوم","Der Galerist beschreibt die wirre Rede des Malers über die Kunstwelt."
"00:05:28,150","تیراندازی","rumgeballert","تیراندازی کردن (عاميانه)","Der Galerist erzählt, dass die Wachleute in der Galerie geschossen haben."
"00:05:45,350","ای بابا، لعنتی","Ach du Scheiße","لعنتی، وای نه (ابراز تعجب یا ترس)","Schotty reagiert schockiert auf die Nachricht, dass Menschen gestorben sind."
"00:05:47,790","اعصاب برام نمونده","Nervenbündel","کسی که بسیار مضطرب یا عصبی است","Der Galerist beschreibt seinen Zustand nach Vorfall in der Galerie."
"00:07:10,710","جالبه","Lustich","خنده‌دار، جالب (تلفظ عامیانه)","Schotty findet eine Situation in der Galerie amüsant."
"00:07:39,110","غافلگیرش می‌کنه","umhauen","بسیار تحت تأثیر قرار دادن","Schotty glaubt, dass das Kunstwerk seine Freundin sehr beeindrucken würde."
"00:07:42,590","بالشتکِ گوز","Furzkissen","بالشتکی که صدای گوز می‌دهد","Schotty nennt Beispiele für seine bisherigen, eher simplen Geschenke."
"00:08:49,270","بی‌ارزش","belanglos","کم‌اهمیت، بی‌معنی","Der Galerist erklärt, dass Kunst, die nicht provoziert, bedeutungslos ist."
"00:10:30,590","باورم نمیشه","Ich fass es nicht","نمی‌توانم باور کنم","Schotty ist schockiert, dass für das Kunstwerk echtes Geld zerschnitten wurde."
"00:10:48,910","فساد","Dekadent","اسراف‌کارانه، فاسد","Schotty kritisiert den verschwenderischen Umgang mit Geld als dekadent."
"00:10:54,110","وقاحتِ بی‌حد و مرز","bodenlose Frechheit","بی‌ادبی شدید، گستاخی","Schotty findet das Kunstwerk eine Beleidigung für arbeitende Menschen."
"00:10:59,910","سگ‌دو بزنم","Arsch aufreißen","بسیار سخت کار کردن","Schotty betont, wie hart er für sein Geld arbeiten muss."
"00:13:22,390","فکر و خیال می‌کنن","sich einen Kopp machen","درباره چیزی فکر کردن","Schotty sagt, dass sich Leute über die Kunst den Kopf zerbrechen."
"00:13:28,110","به ریششون می‌خنده","sich einen Ast lachen","بسیار خندیدن (اغلب بدخواهانه)","Schotty vermutet, dass der Künstler über die Käufer lacht."
"00:15:13,590","سکته می‌کنه","ausflippen","بسیار عصبانی یا هیجان‌زده شدن","Schotty meint, dass Lisas Frau das Kunstwerk als blasphemisch empfinden würde."
"00:09:25,590","یا خدا","Boah","ابراز تعجب شدید","Schotty reagiert auf den hohen Preis der Mona Lisa."
"00:18:47,830","جیگر","Mörderbraut","زن بسیار جذاب (عاميانه)","Frido bezeichnet Svenja als sehr attraktive Frau."
"00:26:10,310","آشغالِ عوضی","Scheißdreck","مزخرف، گند","Schotty flucht, weil er den wichtigen 5-Euro-Schein verloren hat."
