"Cue_ID","Zeitstempel","Farsi_Keyword","German_Quote","Deutsches_Wort","Erklärung auf Farsi","Erklärung im Kontext der Geschichte","Semantik_Status","Semantik_Hinweis"
"10","00:00:49,640","عزیزم","Schatzi, Hasi, Mausi, Baby...","Schatzi","اصطلاح محبت‌آمیز برای خطاب قرار دادن عزیزان","Mari und ihre Familie verwenden diese Kosenamen ironisch oder liebevoll.","OK",""
"14","00:01:13,320","گی","Findest du, es sieht schwul aus?","schwul","همجنس‌گرا (مرد)","Andi fragt unsicher, ob sein neuer Bart-Style als schwul wahrgenommen wird.","OK",""
"16","00:01:18,760","احمقانه","Aber auf alle Fälle dämlich.","dämlich","بسیار احمقانه یا نادان","Tracy kommentiert den neuen Look von Andi abfällig.","OK",""
"23","00:01:44,440","لوس‌بازی در نیار","Stell dich mal nicht so an.","sich anstellen","بهانه‌گیری کردن یا بیش از حد حساس بودن","Tracy fordert Andi auf, nicht wegen der Hausarbeit zu jammern.","OK",""
"34","00:02:32,040","کراشتون","damit ihr eurem Crush besser zuzwinkern könnt.","Crush","کسی که به او علاقه عاطفی دارید","Zoe erklärt ihren Followern, warum geschwungene Augenbrauen beim Flirten helfen.","OK",""
"36","00:02:40,640","شورش رو در میاره","Das wird ja immer mehr.","immer mehr","از حد گذشتن یا زیاده‌روی کردن","Mari kritisiert Zoes übertriebenes Make-up.","OK",""
"40","00:02:52,240","زیاده‌روی","nichts ist besser als zu viel.","zu viel","افراط در انجام کاری","Mari warnt Zoe vor dem übermäßigen Gebrauch von Kosmetika.","OK",""
"51","00:03:28,800","دلقک","Du kannst als Zoe runterkommen oder Clown.","Clown","کسی که مسخره به نظر می‌رسد","Mari vergleicht Zoes starkes Make-up mit dem eines Clowns.","OK",""
"54","00:03:45,760","باحاله","ey, Brian ist so, so cool.","cool","جذاب، عالی یا باکلاس","Zoe schwärmt von ihrem Onkel Brian.","OK",""
"56","00:03:51,400","سلیقه‌اش","weil er den besten Taste hat.","Taste","ذوق و سلیقه شخصی","Zoe lobt Brians guten Geschmack.","OK",""
"66","00:04:26,800","دستگیره در","Nächstes Mal stülpst du eine Socke über die Klinke,","Klinke","دستگیره در","Andi gibt Rocco einen Tipp für mehr Privatsphäre.","OK",""
"70","00:05:05,400","مچ‌گیری کردم","Ich habe Rocco bei was erwischt.","erwischt","کسی را در حال انجام کاری غافلگیر کردن","Andi hat Rocco beim Konsum von Inhalten erwischt.","OK",""
"80","00:05:34,840","کنترلشو از دست بده","Da kannst du vor Aufregung übers Ziel hinausschießen.","übers Ziel hinausschießen","از حد گذشتن یا کنترل خود را از دست دادن","Andi versucht, Roccos Verhalten zu erklären.","OK",""
"88","00:05:56,400","کارش به جاهای باریک کشید","Das ging ins Auge.","ins Auge gehen","به نتیجه بد یا فاجعه‌بار رسیدن","Andi nutzt eine Redewendung, um eine misslungene Situation zu beschreiben.","OK",""
"89","00:05:59,680","حال‌به‌هم‌زنی","Du bist so eklig.","eklig","منزجرکننده یا چندش‌آور","Tracy findet Andis Kommentare über Rocco abstoßend.","OK",""
"91","00:06:11,880","فقط مردا میرن تو باغ","Nur die Harten kommen in Garten.","hart","سرسخت یا قوی","Andi nutzt einen humorvollen Spruch über Männlichkeit.","OK",""
"107","00:07:11,400","جملات قصار تقویمی","steht auf Kalendersprüche.","Kalendersprüche","جملات کلیشه‌ای و سطحی انگیزشی","Mari kritisiert die mangelnde Tiefe von Brians Aussagen.","OK",""
"110","00:07:21,920","سبک زندگی","Für den ist das so ein Lifestyle-Ding.","Lifestyle-Ding","یک نوع شیوه زندگی یا مد","Mari glaubt, Brian nimmt Kunst nicht ernst.","OK",""
"130","00:08:50,280","ماشینی","Geile Karre.","Karre","ماشین (اصطلاح عامیانه)","Andi bewundert ein Auto.","OK",""
"140","00:09:34,680","اتوکشیده‌ان","Die sind mir da alle zu gelackt.","gelackt","بیش از حد شیک و مصنوعی","Brian beschreibt die Menschen in Frankfurt als zu oberflächlich.","OK",""
"144","00:09:46,640","لوسی","Langweilig.","langweilig","کسل‌کننده یا بی‌مزه","Zoe findet das Verhalten ihrer Mutter langweilig.","OK",""
"176","00:11:45,880","ای بابا","Alter.","Alter","اصطلاح برای ابراز تعجب یا کلافگی","Tracy ist genervt von einer Situation.","OK",""
"206","00:13:43,320","در کانون توجه","dass hier nichts im falschen Rampenlicht dargestellt wird.","Rampenlicht","در کانون توجه یا قضاوت قرار گرفتن","Andi möchte verhindern, dass die Bundeswehr falsch verstanden wird.","OK",""
"224","00:14:49,960","عجب آدمیه","Krasser Typ.","krass","فوق‌العاده، عجیب یا خاص","Brian beschreibt Andi als eine außergewöhnliche Person.","OK",""
"248","00:16:11,920","نقاشی‌های خفن","malst du die coolen Bilder?","Bilder","تصاویر یا تابلوهای نقاشی","Theo fragt Brian nach seinen Kunstwerken.","OK",""
