"Cue_ID","Zeitstempel","Farsi_Keyword","German_Quote","Deutsches_Wort","Erklärung auf Farsi","Erklärung im Kontext der Geschichte","Semantik_Status","Semantik_Hinweis"
"7","00:00:51,600","داغونه","Das Navi ist Schrott","Schrott","به معنی خراب، بی‌ارزش یا آشغال","Mari beschwert sich über das defekte Navigationssystem.","OK",""
"15","00:01:15,960","آخر دنیا","an den Arsch der Heide","Arsch der Heide","اصطلاحی برای اشاره به جایی بسیار دورافتاده و پرت","Theo beschreibt die abgelegene Lage des Hauses.","OK",""
"23","00:01:41,040","عوضی","du Fotze","Fotze","یک دشنام بسیار رکیک و توهین‌آمیز","Ein wütender Autofahrer beleidigt Mari im Straßenverkehr.","OK",""
"24","00:01:43,920","آشغال","Sexistisches Arschloch","Arschloch","یک دشنام رایج برای توهین به شخصیت کسی","Mari revanchiert sich verbal gegen den aggressiven Fahrer.","OK",""
"29","00:01:59,600","خونه","Ein Häuschen mit Garten","Häuschen","شکل کوچک‌شده و صمیمانه برای خانه","Mari und Theo träumen von einem Eigenheim im Grünen.","OK",""
"34","00:02:13,080","کلمه «ع»","Das F-Wort","F-Wort","اشاره به کلمات ممنوعه یا رکیک که با حرف خاصی شروع অনুপم می‌شوند","Die Gruppe diskutiert über die Verwendung von Schimpfwörtern.","OK",""
"47","00:02:55,400","اهرم فشار","fürs Leverage","Leverage","به معنای قدرت چانه‌زنی یا ابزاری برای برتری در مذاکره","Theo warnt Mari, keine Schwächen vor dem Makler zu zeigen.","OK",""
"48","00:02:58,480","به نظر برسیم","sympathisch rüberkommen","rüberkommen","به معنای ایجاد یک برداشت یا تصویر خاص در ذهن دیگران","Sie müssen beim Makler einen guten Eindruck hinterlassen.","OK",""
"49","00:03:02,520","قیمت توافقی","Verhandlungsbasis","Verhandlungsbasis","قیمتی که هنوز جای چانه زدن دارد","Theo erklärt Mari die Bedeutung des Preises.","OK",""
"54","00:03:21,320","لعنت به این شانس","Ach du Scheiße","Ach du Scheiße","عبارتی برای ابراز ناامیدی یا غافلگیری منفی","Die Situation beim Hausbesuch eskaliert oder wird unangenehm.","OK",""
"56","00:03:37,760","نازه","echt schnuckelig","schnuckelig","به معنای بامزه، دوست‌داشتنی و کوچک","Theo findet die Holzbank im Garten sehr ansprechend.","OK",""
"58","00:03:43,200","ضایع","zu penetrant","penetrant","به معنای آزاردهنده، بیش از حد یا تابلو","Theo fragt sich, ob ihr Verhalten zu aufdringlich wirkt.","OK",""
"60","00:03:58,480","مسخره‌بازی‌ها","Wann hat denn das mal ein Ende hier?","das","به معنای رفتارهای احمقانه یا بی‌معنی","Der Makler ist genervt von den Umständen.","OK",""
"63","00:04:10,280","کوفتیه","Was ist denn das jetzt?","das","عبارتی تحقیرآمیز برای اشاره به یک چیز ناخوشایند","Der Makler ist frustriert über die unerwartete Situation.","OK",""
"89","00:05:33,920","خزه","Bisschen spießig","spießig","به معنای قدیمی، سنتی و فاقد سلیقه مدرن","Mari findet das Haus etwas altmodisch.","OK",""
"91","00:05:40,040","عمراً","safe nicht hier","safe","به معنای قطعاً نه یا محال است","Die Vermutung, dass der Makler hier ist, wird verneint.","OK",""
"115","00:07:13,640","نمایش","Immer rein in die Manege","Manege","اشاره به سیرک؛ کنایه از شروع یک موقعیت نمایشی","Der Makler bittet die Interessenten ironisch ins Haus.","OK",""
"127","00:07:45,160","رشوه دادنه","Das ist Bestechung","Bestechung","پرداخت غیرقانونی برای کسب امتیاز","Mari erkennt, dass das Bier ein Versuch der Manipulation ist.","OK",""
"167","00:10:33,080","سگ جماعت","Ich hasse Köter","Köter","توهین به سگ‌ها یا اشاره تحقیرآمیز به آن‌ها","Der Nachbar äußert seine Abneigung gegen Hunde.","OK",""
"174","00:11:17,240","رنگین‌پوست","steht nicht so auf POCs","POC","مخفف People of Color؛ اشاره به افراد غیرسفیدپوست","Theo erklärt, dass der Makler rassistische Vorurteile hat.","OK",""
"191","00:12:18,800","بامزه","Wie goldig","goldig","به معنای بسیار ناز و دوست‌داشتنی","Der Makler macht sich über die Situation lustig.","OK",""
"204","00:12:55,720","مایورکا","auf Malle","Malle","نام عامیانه جزیره مایورکا در اسپانیا","Der Makler erzählt, wo der Eigentümer seinen Ruhestand genießt.","OK",""
"218","00:13:34,200","آدم‌های وحشی","wie die Hottentotten","Hottentotten","اصطلاحی نژادپرستانه و قدیمی برای توصیف رفتار بی‌نظم","Der Makler benutzt ein diskriminierendes Schimpfwort.","OK",""
"245","00:14:56,880","غر زدید","rumgenölt","rumgenölt","به معنای شکایت کردن یا غر زدن مداوم","Der Makler kritisiert das Verhalten der Interessenten.","OK",""
"263","00:16:15,120","خنده‌دار","Zum Piepen","Zum Piepen","بسیار خنده‌دار و مضحک","Der Makler findet die Situation amüsant.","OK",""
"293","00:17:49,080","آدمای ناجوره","Zu viel Gesocks","Gesocks","اصطلاحی تحقیرآمیز برای افراد سطح پایین یا خلافکار","Der Makler äußert Vorurteile über den Wohnort Neukölln.","OK",""
"311","00:19:07,800","عروسک خیمه‌شب‌بازی","am Nasenring durch die Manege","Nasenring","کنایه از کنترل کامل و تحقیرآمیز کسی","Der Makler kritisiert die Abhängigkeit der Politik von Konzernen.","OK",""
"357","00:21:55,440","فمینیست","richtige Emanze","Emanze","اصطلاحی تحقیرآمیز برای زنان فمینیست","Der Makler lästert über Mari.","OK",""
"362","00:22:13,160","دماغ‌بالایِ","Arrogante Ziege","Ziege","توهین به زنی که مغرور و پرادعا است","Mari ist wütend auf die Frau des Maklers.","OK",""
"366","00:22:26,200","گند زدیم","Wir haben es verkackt","verkackt","به معنای خراب کردن یک موقعیت مهم","Mari befürchtet, dass sie die Chance auf das Haus verloren haben.","OK",""