"Cue_ID","Zeitstempel","Farsi_Keyword","Farsi_Hervorhebung","German_Quote","Deutsches_Wort","Wortform_im_Zitat","Lücken_Segmente","Erklärung auf Farsi","Erklärung im Kontext der Geschichte","Register","Semantik_Status","Semantik_Hinweis","Form_Status","Form_Hinweis"
"8","00:00:51,560","اصلاً قابل قبول نیست","این اصلاً درست نیست","Das geht gar nicht, Zoe, alle und jeden immer als Nazis zu bezeichnen","das geht gar nicht","Das geht gar nicht","","عبارتی برای ابراز مخالفت شدید با یک رفتار یا حرف.","Zoe bezeichnet Leute als Nazis, was ihre Mutter kritisiert.","umgangssprachlich","OK","","OK",""
"11","00:01:00,520","ای بابا (برای ابراز تعجب یا پشیمانی)","ای بابا","Oh Mann, stimmt. Tut mir voll leid.","Oh Mann","Oh Mann","","یک اصطلاح عامیانه برای ابراز احساسات مختلف مثل تعجب، ناامیدی یا تایید.","Zoe erkennt ihren Fehler.","umgangssprachlich","OK","","OK",""
"12","00:01:02,600","خیلی / کاملاً","تابلوئه","Nein, das sieht man voll.","voll","voll","","در اینجا به معنای 'خیلی' یا 'کاملاً' برای تاکید استفاده شده است.","Man sieht deutlich, dass der Bart weggemacht wurde.","Jugendsprache","OK","","OK",""
"14","00:01:09,840","بی‌خیال شدن / منصرف شدن","بی‌خیالش بشیم","Dann können wir es bleiben lassen.","etwas bleiben lassen","","bleiben|lassen","از انجام کاری منصرف شدن یا آن را متوقف کردن.","Sie entscheiden, den Protest abzubrechen.","umgangssprachlich","OK","","OK",""
"18","00:01:22,720","دنباله‌رو / کسی که بدون فکر از دیگران تقلید می‌کند","آدم دنباله‌رو","Dann wirkst du wie eine Mitläuferin.","Mitläuferin","Mitläuferin","","کسی که عقاید شخصی ندارد و فقط از اکثریت پیروی می‌کند.","Zoe soll nicht einfach nur anderen folgen.","","OK","","OK",""
"23","00:01:41,680","آرام گرفتن / عجله نکردن","آروم بگیر","Eckner, mach langsam.","langsam machen","","mach|langsam","به کسی گفتن که آرام باشد یا عجله نکند.","Eckner ist zu aggressiv.","umgangssprachlich","OK","","OK",""
"33","00:02:19,160","عجیب / دیوانه‌وار","خیلی عجیبه","Was hier passiert, ist so crazy.","crazy","crazy","","واژه‌ای انگلیسی که در آلمانی برای توصیف وضعیت‌های عجیب استفاده می‌شود.","Die Situation eskaliert.","Jugendsprache","OK","","OK",""
"34","00:02:23,160","نادیده گرفتن / خود را به ندیدن زدن","چشماشون رو بستن","Und alle machen die Augen zu.","die Augen vor etwas zumachen","","machen|Augen|zu","حقیقت را نادیده گرفتن یا از آن فرار کردن.","Niemand will das Problem sehen.","","OK","","OK",""
"46","00:02:56,440","آدم زن‌ستیز و عوضی","عوضی زن‌ستیز","Gandhi war noch älter und ein misogynes Schwein.","misogynes Schwein","misogynes Schwein","","توهینی شدید به کسی که نسبت به زنان نفرت دارد.","Zoe kritisiert Gandhi scharf.","derb","OK","","OK",""
"58","00:03:29,840","چشم‌پوشی کردن / نادیده گرفتن خطا","چشم‌پوشی بکنیم","drücken wir noch mal ein Auge zu.","ein Auge zudrücken","","drücken|Auge|zu","خطای کسی را نادیده گرفتن و او را مجازات نکردن.","Mari bietet eine letzte Chance an.","","OK","","OK",""
"66","00:04:01,720","خیلی تابلو بودن / همه متوجه شدن","یه آدم کور هم با عصا تو رو از صد فرسخی می‌شناسه","Dich erkennt ein Blinder mit Krückstock.","ein Blinder mit Krückstock","ein Blinder mit Krückstock","","اصطلاحی برای وقتی که چیزی بسیار واضح و غیرقابل پنهان کردن است.","Andis Verkleidung ist lächerlich.","umgangssprachlich","OK","","OK",""
"76","00:04:31,360","کاسه داغ‌تر از آش بودن","از پاپ هم کاتولیک‌تری","es aber daran scheitert, dass du päpstlicher bist als der Papst?","päpstlicher sein als der Papst","","päpstlicher|als der Papst","بیش از حد سخت‌گیر بودن یا بیش از حد به قوانین پایبند بودن.","Sascha ist zu streng bei den Regeln.","","OK","","OK",""
"78","00:04:40,160","خودت را جمع‌وجور کن / آرام باش","خودتو جمع‌وجور کن","Na gut, aber reiß dich zusammen.","sich zusammenreißen","reiß dich zusammen","","به کسی گفتن که کنترل خود را حفظ کند و رفتار درستی داشته باشد.","Andi soll sich benehmen.","umgangssprachlich","OK","","OK",""
"84","00:04:57,640","توپ منحرف شده","زدم تو کله صاحب باشگاه","den Besitzer aus Versehen mit dem Querschläger abgeschossen.","Querschläger","Querschläger","","توپی که در گلف مسیرش به اشتباه تغییر می‌کند.","Andi hat den Besitzer verletzt.","","OK","","OK",""
"89","00:05:14,560","مقصر جلوه دادن کسی","یه مقصر می‌گشتن","Da brauchten sie einen schwarzen Peter.","den schwarzen Peter zuschieben","schwarzen Peter","","کسی را مقصر یک اتفاق کردن.","Andi wurde zum Sündenbock gemacht.","","OK","","OK",""
"108","00:06:19,200","آدم کاردرست / کسی که اهل عمل است","آدمِ کاردرستی هستید","Sie sind ja ein echter Machertyp.","Machertyp","Machertyp","","کسی که فعال است و کارها را به سرانجام می‌رساند.","Andi schmeichelt dem Mitarbeiter.","umgangssprachlich","OK","","OK",""
"121","00:06:59,560","چه گندی / چه مزخرفی","چه گندی","Mein Gott, so ein Scheiß, ey.","so ein Scheiß","so ein Scheiß","","عبارتی برای ابراز ناامیدی یا عصبانیت از یک وضعیت بد.","Sie sind frustriert.","derb","OK","","OK",""
"123","00:07:11,080","لوس نشو / ادا در نیار","لوس نشو","Stell dich nicht so an, lies vor.","sich nicht so anstellen","","stell|an","به کسی گفتن که بیش از حد حساس نباشد یا ادا در نیاورد.","Tracy will, dass Zoe liest.","umgangssprachlich","OK","","OK",""
"126","00:07:21,280","زبون‌دراز شدن / بی‌ادب شدن","زبون‌دراز نشو","Werde nicht frech, Fräulein, ja?","frech werden","","Werde|frech","به کسی هشدار دادن که بی‌ادبی نکند.","Tracy ermahnt Zoe.","umgangssprachlich","OK","","OK",""
"138","00:08:16,440","ایول / بابا دمت گرم","ایول بابا","Alter Schwede!","Alter Schwede","Alter Schwede","","عبارتی برای ابراز تعجب یا تحسین.","Rocco hat gut gespielt.","umgangssprachlich","OK","","KEINE_LÜCKE","Wortform entspricht dem ganzen Zitat."
"143","00:08:40,120","خل و چل / احمق","خل و چل","Sehr witzig, du Knalltüte.","Knalltüte","Knalltüte","","توهینی ملایم به کسی که رفتار احمقانه‌ای دارد.","Andi ist genervt von Roccos Verhalten.","umgangssprachlich","OK","","OK",""
"145","00:08:54,520","مخ‌ت تاب برداشته؟ / دیوانه‌ای؟","مخ‌ت تاب برداشته","Bist du bescheuert?","bescheuert","bescheuert","","صفت برای کسی که رفتار احمقانه یا دیوانه‌وار دارد.","Andi ist wütend.","umgangssprachlich","OK","","OK",""
"164","00:09:47,800","بچه زرنگ / استعداد درخشان","بچه زرنگ گلف","Der ""Bobbele des Golfsports"".","Bobbele","Bobbele","","لقبی برای یک استعداد جوان و درخشان.","Theo wird als großes Talent bezeichnet.","umgangssprachlich","OK","","OK",""
"170","00:10:05,120","قاطی کردن / از کوره در رفتن","قاطی کرد","ist er so ausgerastet,","ausrasten","ausgerastet","","کنترل خود را از دست دادن و عصبانی شدن.","Theo hat früher die Kontrolle verloren.","umgangssprachlich","OK","","OK",""
"181","00:10:40,080","چرت و پرت / مزخرف","چرت نگو","Quatsch. Das ist Theo, mein Nachbar.","Quatsch","Quatsch","","عبارتی برای رد کردن یک حرف به عنوان بی‌معنی.","Andi widerspricht der Legende.","umgangssprachlich","OK","","OK",""
"240","00:14:50,440","بوی گند دادن","بوی گند میده","Stinkt aber wie Scheiße.","wie Scheiße stinken","","stinkt|wie Scheiße","بسیار بدبو بودن.","Die Protest-Mischung riecht extrem.","derb","OK","","OK",""
"247","00:15:42,280","هر کاری هزینه‌ای دارد","هر کاری هزینه‌ای داره","Wo gehobelt wird, fallen auch Späne.","Wo gehobelt wird, fallen auch Späne","","gehobelt wird|fallen Späne","هر فعالیت مهمی پیامدهای ناخواسته یا قربانی‌هایی دارد.","Mari rechtfertigt die Verschmutzung.","","OK","","OK",""
"264","00:17:17,600","یک تیکه اعصاب / بسیار مضطرب","یه تیکه اعصابه","Tracy, Rocco ist ein Nervenbündel.","Nervenbündel","Nervenbündel","","کسی که بسیار مضطرب و عصبی است.","Rocco ist vor dem Turnier nervös.","","OK","","OK",""
"283","00:18:11,080","مسخره‌های بی‌عرضه","مسخره‌های بی‌عرضه","Diese Flitzpiepen.","Flitzpiepen","Flitzpiepen","","توهینی برای افراد بی‌عرضه و احمق.","Jochen beleidigt die Aktivisten.","umgangssprachlich","OK","","OK",""
"285","00:18:16,640","کسی که ادای چیزی را در می‌آورد","آفتابه-دزدِ بدبخت","Den jämmerlichen Möchtegern-Terroristen","Möchtegern","Möchtegern","","پیشوندی برای کسی که می‌خواهد چیزی باشد اما نیست.","Jochen verachtet die Aktivisten.","umgangssprachlich","OK","","OK",""
"296","00:19:03,880","جدا کردن خوب از بد / مشخص شدن عیار واقعی","حساب کار دست همه میاد","Hier trennt sich die Spreu vom Weizen.","die Spreu vom Weizen trennen","","trennt|Spreu|Weizen","جدا کردن افراد بااستعداد از افراد بی‌استعداد.","Das Turnier beginnt.","","OK","","OK",""
"307","00:19:39,240","یک پا طوفان / بسیار قدرتمند","یه پا طوفانه","Diese Frau ist eine Naturgewalt.","Naturgewalt","Naturgewalt","","کسی که انرژی یا قدرت بسیار زیادی دارد.","Tracy spielt extrem gut.","","OK","","OK",""
"376","00:24:43,960","کنترل اعصاب را از دست دادن","کنترل اعصابم رو از دست دادم","sind die Pferde mit mir durchgegangen.","mit jemandem gehen die Pferde durch","","Pferde|durchgegangen","ناگهان کنترل خود را از دست دادن.","Theo erklärt, warum er aufhörte.","","OK","","OK",""
"410","00:27:05,160","قاطی کردن / دیوانه شدن","قاطی کرده","Dem guten Rocco sind die Sicherungen durchgebrannt.","die Sicherungen durchbrennen","","Sicherungen|durchgebrannt","ناگهان کنترل خود را از دست دادن و عصبی شدن.","Rocco ist völlig aufgelöst.","umgangssprachlich","OK","","OK",""
